Method,Job,AnalyzeLaunchVariance,EvaluateOverhead,MaxAbsoluteError,MaxRelativeError,MinInvokeCount,MinIterationTime,OutlierMode,Affinity,EnvironmentVariables,Jit,LargeAddressAware,Platform,PowerPlanMode,Runtime,AllowVeryLargeObjects,Concurrent,CpuGroups,Force,HeapAffinitizeMask,HeapCount,NoAffinitize,RetainVm,Server,Arguments,BuildConfiguration,Clock,EngineFactory,NuGetReferences,Toolchain,IsMutator,InvocationCount,IterationCount,IterationTime,LaunchCount,MaxIterationCount,MaxWarmupIterationCount,MemoryRandomization,MinIterationCount,MinWarmupIterationCount,RunStrategy,UnrollFactor,WarmupCount,Mean,Error,StdDev,Allocated
CreateSuccess,Job-WWFMMQ,False,Default,Default,Default,Default,Default,Default,0000000000000000,Empty,RyuJit,Default,Arm64,8c5e7fda-e8bf-4a96-9a85-a6e23a8c635c,.NET 10.0,False,True,False,True,Default,Default,False,False,False,Default,Default,Default,Default,Default,Default,Default,Default,3,Default,Default,Default,Default,Default,Default,Default,Default,16,1,2.7333 ns,0.3058 ns,0.0168 ns,0 B
CreateFailure,Job-WWFMMQ,False,Default,Default,Default,Default,Default,Default,0000000000000000,Empty,RyuJit,Default,Arm64,8c5e7fda-e8bf-4a96-9a85-a6e23a8c635c,.NET 10.0,False,True,False,True,Default,Default,False,False,False,Default,Default,Default,Default,Default,Default,Default,Default,3,Default,Default,Default,Default,Default,Default,Default,Default,16,1,14.7732 ns,0.6131 ns,0.0336 ns,0 B
TryGetValue_Success,Job-WWFMMQ,False,Default,Default,Default,Default,Default,Default,0000000000000000,Empty,RyuJit,Default,Arm64,8c5e7fda-e8bf-4a96-9a85-a6e23a8c635c,.NET 10.0,False,True,False,True,Default,Default,False,False,False,Default,Default,Default,Default,Default,Default,Default,Default,3,Default,Default,Default,Default,Default,Default,Default,Default,16,1,0.0000 ns,0.0000 ns,0.0000 ns,0 B
TryGetValue_Failure,Job-WWFMMQ,False,Default,Default,Default,Default,Default,Default,0000000000000000,Empty,RyuJit,Default,Arm64,8c5e7fda-e8bf-4a96-9a85-a6e23a8c635c,.NET 10.0,False,True,False,True,Default,Default,False,False,False,Default,Default,Default,Default,Default,Default,Default,Default,3,Default,Default,Default,Default,Default,Default,Default,Default,16,1,0.0000 ns,0.0000 ns,0.0000 ns,0 B
EnumerateErrors_Single,Job-WWFMMQ,False,Default,Default,Default,Default,Default,Default,0000000000000000,Empty,RyuJit,Default,Arm64,8c5e7fda-e8bf-4a96-9a85-a6e23a8c635c,.NET 10.0,False,True,False,True,Default,Default,False,False,False,Default,Default,Default,Default,Default,Default,Default,Default,3,Default,Default,Default,Default,Default,Default,Default,Default,16,1,0.3473 ns,0.3088 ns,0.0169 ns,0 B
EnumerateErrors_Multiple,Job-WWFMMQ,False,Default,Default,Default,Default,Default,Default,0000000000000000,Empty,RyuJit,Default,Arm64,8c5e7fda-e8bf-4a96-9a85-a6e23a8c635c,.NET 10.0,False,True,False,True,Default,Default,False,False,False,Default,Default,Default,Default,Default,Default,Default,Default,3,Default,Default,Default,Default,Default,Default,Default,Default,16,1,2.8093 ns,0.9789 ns,0.0537 ns,0 B
AccessErrorByIndex_Single,Job-WWFMMQ,False,Default,Default,Default,Default,Default,Default,0000000000000000,Empty,RyuJit,Default,Arm64,8c5e7fda-e8bf-4a96-9a85-a6e23a8c635c,.NET 10.0,False,True,False,True,Default,Default,False,False,False,Default,Default,Default,Default,Default,Default,Default,Default,3,Default,Default,Default,Default,Default,Default,Default,Default,16,1,5.3586 ns,0.1106 ns,0.0061 ns,0 B
AccessErrorByIndex_Multiple,Job-WWFMMQ,False,Default,Default,Default,Default,Default,Default,0000000000000000,Empty,RyuJit,Default,Arm64,8c5e7fda-e8bf-4a96-9a85-a6e23a8c635c,.NET 10.0,False,True,False,True,Default,Default,False,False,False,Default,Default,Default,Default,Default,Default,Default,Default,3,Default,Default,Default,Default,Default,Default,Default,Default,16,1,5.2847 ns,0.7806 ns,0.0428 ns,0 B
ErrorsCount,Job-WWFMMQ,False,Default,Default,Default,Default,Default,Default,0000000000000000,Empty,RyuJit,Default,Arm64,8c5e7fda-e8bf-4a96-9a85-a6e23a8c635c,.NET 10.0,False,True,False,True,Default,Default,False,False,False,Default,Default,Default,Default,Default,Default,Default,Default,3,Default,Default,Default,Default,Default,Default,Default,Default,16,1,0.0000 ns,0.0000 ns,0.0000 ns,0 B
FirstError,Job-WWFMMQ,False,Default,Default,Default,Default,Default,Default,0000000000000000,Empty,RyuJit,Default,Arm64,8c5e7fda-e8bf-4a96-9a85-a6e23a8c635c,.NET 10.0,False,True,False,True,Default,Default,False,False,False,Default,Default,Default,Default,Default,Default,Default,Default,3,Default,Default,Default,Default,Default,Default,Default,Default,16,1,2.5291 ns,1.2200 ns,0.0669 ns,0 B
Map_Success,Job-WWFMMQ,False,Default,Default,Default,Default,Default,Default,0000000000000000,Empty,RyuJit,Default,Arm64,8c5e7fda-e8bf-4a96-9a85-a6e23a8c635c,.NET 10.0,False,True,False,True,Default,Default,False,False,False,Default,Default,Default,Default,Default,Default,Default,Default,3,Default,Default,Default,Default,Default,Default,Default,Default,16,1,14.7054 ns,0.8256 ns,0.0453 ns,0 B
Map_Failure,Job-WWFMMQ,False,Default,Default,Default,Default,Default,Default,0000000000000000,Empty,RyuJit,Default,Arm64,8c5e7fda-e8bf-4a96-9a85-a6e23a8c635c,.NET 10.0,False,True,False,True,Default,Default,False,False,False,Default,Default,Default,Default,Default,Default,Default,Default,3,Default,Default,Default,Default,Default,Default,Default,Default,16,1,16.5351 ns,1.1623 ns,0.0637 ns,0 B
